{
  "test_environment": {
    "python_version": "3.9.6 (default, Dec  2 2025, 07:27:59) \n[Clang 17.0.0 (clang-1700.6.3.2)]",
    "platform": "darwin",
    "db_path": "/Users/mckenzie/Documents/event2table/dwd_generator.db",
    "timestamp": "2026-02-10 21:09:39"
  },
  "results": {
    "api_games_list": {
      "test_name": "GET /api/games",
      "total_requests": 100,
      "success_count": 100,
      "failure_count": 0,
      "error_rate": 0.0,
      "min_time": 0.0047779083251953125,
      "max_time": 0.14406418800354004,
      "avg_time": 0.013790369033813477,
      "median_time": 0.006560921669006348,
      "p50": 0.006569862365722656,
      "p95": 0.07975077629089355,
      "p99": 0.14406418800354004,
      "throughput": 72.51437561591258
    },
    "api_single_game": {
      "test_name": "GET /api/games/<gid>",
      "total_requests": 100,
      "success_count": 100,
      "failure_count": 0,
      "error_rate": 0.0,
      "min_time": 0.0049359798431396484,
      "max_time": 0.10660099983215332,
      "avg_time": 0.012448418140411376,
      "median_time": 0.006231069564819336,
      "p50": 0.0062520503997802734,
      "p95": 0.06720495223999023,
      "p99": 0.10660099983215332,
      "throughput": 80.33149181852221
    },
    "api_events_list": {
      "test_name": "GET /api/events (paginated)",
      "total_requests": 100,
      "success_count": 100,
      "failure_count": 0,
      "error_rate": 0.0,
      "min_time": 0.0040891170501708984,
      "max_time": 0.09204888343811035,
      "avg_time": 0.010846781730651855,
      "median_time": 0.0061844587326049805,
      "p50": 0.006188869476318359,
      "p95": 0.056118011474609375,
      "p99": 0.09204888343811035,
      "throughput": 92.19324448781946
    },
    "hql_single_10_fields": {
      "test_name": "HQL Generation - Single Event (10 fields)",
      "total_requests": 50,
      "success_count": 50,
      "failure_count": 0,
      "error_rate": 0.0,
      "min_time": 0.00015401840209960938,
      "max_time": 0.08267402648925781,
      "avg_time": 0.0018472671508789062,
      "median_time": 0.00016117095947265625,
      "p50": 0.00016117095947265625,
      "p95": 0.0005159378051757812,
      "p99": 0.08267402648925781,
      "throughput": 541.3402168301498
    },
    "hql_single_50_fields": {
      "test_name": "HQL Generation - Single Event (50 fields)",
      "total_requests": 50,
      "success_count": 50,
      "failure_count": 0,
      "error_rate": 0.0,
      "min_time": 0.0007321834564208984,
      "max_time": 0.08782577514648438,
      "avg_time": 0.0042554235458374026,
      "median_time": 0.0008454322814941406,
      "p50": 0.0008609294891357422,
      "p95": 0.017426252365112305,
      "p99": 0.08782577514648438,
      "throughput": 234.99423482256813
    },
    "cache_performance": {
      "test_name": "Cache Performance (Repeated Queries)",
      "total_requests": 200,
      "success_count": 200,
      "failure_count": 0,
      "error_rate": 0.0,
      "min_time": 0.0040569305419921875,
      "max_time": 0.08633995056152344,
      "avg_time": 0.009467185735702514,
      "median_time": 0.006450533866882324,
      "p50": 0.006457090377807617,
      "p95": 0.03670930862426758,
      "p99": 0.07289290428161621,
      "throughput": 105.6280111024773
    },
    "concurrent_load": {
      "test_name": "Concurrent Load (10 users)",
      "total_requests": 100,
      "success_count": 100,
      "failure_count": 0,
      "error_rate": 0.0,
      "min_time": 0.003712892532348633,
      "max_time": 0.04441714286804199,
      "avg_time": 0.016702308654785156,
      "median_time": 0.016855955123901367,
      "p50": 0.0169222354888916,
      "p95": 0.028213977813720703,
      "p99": 0.04441714286804199,
      "throughput": 59.871962653109236
    }
  },
  "summary": {
    "total_tests": 7,
    "passed_targets": 6,
    "failed_targets": 1,
    "warnings": [
      "cache_performance: Hit rate = 0.00% (target: >80%)"
    ]
  },
  "overall_status": "WARNING"
}